<?xml version="1.0" encoding="UTF-8"?>
<project-private xmlns="http://www.netbeans.org/ns/project-private/1">
    <editor-bookmarks xmlns="http://www.netbeans.org/ns/editor-bookmarks/2" lastBookmarkId="0"/>
    <open-files xmlns="http://www.netbeans.org/ns/projectui-open-files/2">
        <group>
            <file>file:/C:/Users/MCS/Documents/NetBeansProjects/projectdata/src/projectdata/UNITADDController.java</file>
            <file>file:/C:/Users/MCS/Documents/NetBeansProjects/projectdata/src/projectdata/UNIT1Controller.java</file>
            <file>file:/C:/Users/MCS/Documents/NetBeansProjects/projectdata/src/projectdata/UNIT3Controller.java</file>
            <file>file:/C:/Users/MCS/Documents/NetBeansProjects/projectdata/src/projectdata/UnitSearController.java</file>
            <file>file:/C:/Users/MCS/Documents/NetBeansProjects/projectdata/src/projectdata/Projectdata.java</file>
        </group>
    </open-files>
</project-private>
